match_id,start_date,account_id,player_name,team,role,hero,kills,deaths,assists,gpm,xpm,last_hits,win
8946650558,2026-08-15,898754153,Ame,Xtreme Gaming,Carry,Nature's Prophet,3,3,4,664,758,507,0
8946650558,2026-08-15,173978074,NothingToSay,Xtreme Gaming,Mid,Puck,5,5,3,504,604,264,0
8946650558,2026-08-15,129958758,Xxs,Xtreme Gaming,Offlane,Centaur Warrunner,2,6,3,488,607,327,0
8946650558,2026-08-15,101695162,fy,Xtreme Gaming,Mid,Spirit Breaker,1,8,10,259,309,31,0
8946650558,2026-08-15,94296097,xNova,Xtreme Gaming,Carry,Winter Wyvern,0,13,8,210,261,13,0
8946650558,2026-08-15,170896543,YSR-04E,Team Resilience,Carry,Kez,8,1,11,813,993,452,1
8946650558,2026-08-15,315272623,Echozz,Team Resilience,Mid,Earthshaker,10,3,14,610,835,265,1
8946650558,2026-08-15,145957968,niu,Team Resilience,Offlane,Doom,10,1,17,739,901,290,1
8946650558,2026-08-15,150961567,planet,Team Resilience,Mid,Keeper of the Light,3,3,16,396,549,96,1
8946650558,2026-08-15,249835593,zzq,Team Resilience,Mid,Mirana,4,5,19,396,473,75,1
8946552436,2026-08-15,170896543,YSR-04E,Team Resilience,Carry,Necrophos,12,1,10,853,1004,497,1
8946552436,2026-08-15,315272623,Echozz,Team Resilience,Mid,Invoker,6,1,16,627,761,303,1
8946552436,2026-08-15,145957968,niu,Team Resilience,Offlane,Axe,8,1,12,563,675,236,1
8946552436,2026-08-15,150961567,planet,Team Resilience,Offlane,Mirana,1,2,20,410,641,119,1
8946552436,2026-08-15,249835593,zzq,Team Resilience,Carry,Undying,1,5,17,351,547,84,1
8946552436,2026-08-15,898754153,Ame,Xtreme Gaming,Carry,Phantom Lancer,0,3,2,574,590,437,0
8946552436,2026-08-15,173978074,NothingToSay,Xtreme Gaming,Mid,Pangolier,0,2,7,493,560,301,0
8946552436,2026-08-15,129958758,Xxs,Xtreme Gaming,Offlane,Timbersaw,5,6,2,553,677,340,0
8946552436,2026-08-15,101695162,fy,Xtreme Gaming,Offlane,Rubick,1,11,5,254,250,60,0
8946552436,2026-08-15,94296097,xNova,Xtreme Gaming,Mid,Hoodwink,3,6,7,250,255,28,0
8946288549,2026-08-15,177203952,Yuma,LGD Gaming,Carry,Vengeful Spirit,5,7,15,624,798,387,1
8946288549,2026-08-15,94054712,Topson,LGD Gaming,Mid,Dragon Knight,5,1,14,638,871,473,1
8946288549,2026-08-15,292921272,Wisper,LGD Gaming,Offlane,Beastmaster,10,1,9,773,909,579,1
8946288549,2026-08-15,105045291,Thiolicor,LGD Gaming,Offlane,Keeper of the Light,1,7,16,358,535,130,1
8946288549,2026-08-15,81306398,KingJungles,LGD Gaming,Carry,Hoodwink,5,1,16,357,524,47,1
8946288549,2026-08-15,898754153,Ame,Xtreme Gaming,Carry,Tiny,5,5,8,570,690,507,0
8946288549,2026-08-15,173978074,NothingToSay,Xtreme Gaming,Mid,Lina,4,5,6,562,655,462,0
8946288549,2026-08-15,129958758,Xxs,Xtreme Gaming,Offlane,Dawnbreaker,3,3,7,534,715,523,0
8946288549,2026-08-15,101695162,fy,Xtreme Gaming,Offlane,Tusk,0,11,11,233,358,39,0
8946288549,2026-08-15,94296097,xNova,Xtreme Gaming,Carry,Mirana,5,2,7,357,410,108,0
8946231092,2026-08-15,177203952,Yuma,LGD Gaming,Carry,Spectre,9,1,10,692,958,505,1
8946231092,2026-08-15,94054712,Topson,LGD Gaming,Mid,Lina,6,2,9,785,982,630,1
8946231092,2026-08-15,292921272,Wisper,LGD Gaming,Offlane,Centaur Warrunner,5,1,14,621,743,494,1
8946231092,2026-08-15,105045291,Thiolicor,LGD Gaming,Offlane,Windranger,3,1,16,340,495,98,1
8946231092,2026-08-15,81306398,KingJungles,LGD Gaming,Carry,Hoodwink,1,1,15,316,519,68,1
8946231092,2026-08-15,898754153,Ame,Xtreme Gaming,Carry,Drow Ranger,1,5,2,626,697,593,0
8946231092,2026-08-15,173978074,NothingToSay,Xtreme Gaming,Mid,Magnus,1,3,3,452,597,363,0
8946231092,2026-08-15,129958758,Xxs,Xtreme Gaming,Offlane,Slardar,0,2,4,528,688,491,0
8946231092,2026-08-15,101695162,fy,Xtreme Gaming,Offlane,Mirana,4,6,2,307,351,155,0
8946231092,2026-08-15,94296097,xNova,Xtreme Gaming,Carry,Elder Titan,0,8,2,233,296,35,0
8946161784,2026-08-15,177203952,Yuma,LGD Gaming,Carry,Lone Druid,4,2,10,784,746,834,0
8946161784,2026-08-15,94054712,Topson,LGD Gaming,Mid,Void Spirit,8,6,9,651,785,558,0
8946161784,2026-08-15,292921272,Wisper,LGD Gaming,Offlane,Timbersaw,10,6,6,840,1068,819,0
8946161784,2026-08-15,105045291,Thiolicor,LGD Gaming,Offlane,Hoodwink,0,9,15,335,456,127,0
8946161784,2026-08-15,81306398,KingJungles,LGD Gaming,Carry,Undying,1,8,13,262,505,40,0
8946161784,2026-08-15,898754153,Ame,Xtreme Gaming,Carry,Lina,15,3,10,910,1045,782,1
8946161784,2026-08-15,173978074,NothingToSay,Xtreme Gaming,Mid,Puck,6,4,18,617,994,494,1
8946161784,2026-08-15,129958758,Xxs,Xtreme Gaming,Offlane,Underlord,4,2,22,695,1098,643,1
8946161784,2026-08-15,101695162,fy,Xtreme Gaming,Offlane,Rubick,5,7,17,386,613,165,1
8946161784,2026-08-15,94296097,xNova,Xtreme Gaming,Carry,Treant Protector,1,8,22,356,511,44,1
8944814087,2026-08-14,129958758,Xxs,Xtreme Gaming,Offlane,Timbersaw,12,0,9,859,1014,478,1
8944814087,2026-08-14,173978074,NothingToSay,Xtreme Gaming,Mid,Pangolier,7,3,12,542,667,263,1
8944814087,2026-08-14,898754153,Ame,Xtreme Gaming,Carry,Tiny,5,2,7,730,874,439,1
8944814087,2026-08-14,94296097,xNova,Xtreme Gaming,Carry,Mirana,1,3,8,364,490,72,1
8944814087,2026-08-14,101695162,fy,Xtreme Gaming,Offlane,Spirit Breaker,3,5,19,372,537,72,1
8944814087,2026-08-14,140251702,Mirage`雨,HULIGANI,Mid,Slardar,1,3,9,435,532,272,0
8944814087,2026-08-14,145065875,sayuw,HULIGANI,Offlane,Tusk,1,9,7,222,257,26,0
8944814087,2026-08-14,320017600,ssnovv1,HULIGANI,Carry,Terrorblade,3,1,2,750,653,594,0
8944814087,2026-08-14,123787715,RESPECT,HULIGANI,Mid,Hoodwink,6,8,3,300,295,70,0
8944814087,2026-08-14,92487440,Corrupted,HULIGANI,Offlane,Dark Seer,2,7,5,519,425,338,0
8944738770,2026-08-14,898754153,Ame,Xtreme Gaming,Carry,Drow Ranger,6,3,7,783,1022,603,1
8944738770,2026-08-14,173978074,NothingToSay,Xtreme Gaming,Mid,Ember Spirit,12,3,14,620,1098,342,1
8944738770,2026-08-14,129958758,Xxs,Xtreme Gaming,Offlane,Underlord,3,2,11,644,901,533,1
8944738770,2026-08-14,101695162,fy,Xtreme Gaming,Offlane,Mirana,5,4,18,371,564,127,1
8944738770,2026-08-14,94296097,xNova,Xtreme Gaming,Carry,Elder Titan,1,4,15,343,445,40,1
8944738770,2026-08-14,140251702,Mirage`雨,HULIGANI,Mid,Lina,6,4,2,636,857,535,0
8944738770,2026-08-14,145065875,sayuw,HULIGANI,Offlane,Tusk,0,7,11,262,354,16,0
8944738770,2026-08-14,123787715,RESPECT,HULIGANI,Carry,Winter Wyvern,0,9,6,255,374,40,0
8944738770,2026-08-14,320017600,ssnovv1,HULIGANI,Carry,Sven,5,3,2,670,875,673,0
8944738770,2026-08-14,92487440,Corrupted,HULIGANI,Offlane,Dawnbreaker,5,4,7,591,780,526,0
8944506550,2026-08-14,898754153,Ame,Xtreme Gaming,Carry,Io,4,7,2,641,941,602,0
8944506550,2026-08-14,173978074,NothingToSay,Xtreme Gaming,Mid,Huskar,5,8,1,493,523,364,0
8944506550,2026-08-14,129958758,Xxs,Xtreme Gaming,Offlane,Timbersaw,6,5,0,635,797,533,0
8944506550,2026-08-14,101695162,fy,Xtreme Gaming,Offlane,Earthshaker,0,8,10,330,398,141,0
8944506550,2026-08-14,94296097,xNova,Xtreme Gaming,Carry,Mirana,0,8,8,282,393,97,0
8944506550,2026-08-14,206642367,Ghost,GamerLegion,Carry,Shadow Fiend,12,1,8,800,1014,535,1
8944506550,2026-08-14,154974246,RCY,GamerLegion,Mid,Ember Spirit,12,2,16,644,1057,378,1
8944506550,2026-08-14,191362875,Speeed,GamerLegion,Carry,Winter Wyvern,3,3,17,360,496,53,1
8944506550,2026-08-14,90423751,Bignum,GamerLegion,Offlane,Dark Willow,4,9,20,340,500,23,1
8944506550,2026-08-14,160119017,Fayde,GamerLegion,Offlane,Centaur Warrunner,5,0,23,676,987,451,1
8944476051,2026-08-14,206642367,Ghost,GamerLegion,Carry,Kez,5,2,6,599,634,204,1
8944476051,2026-08-14,154974246,RCY,GamerLegion,Mid,Centaur Warrunner,0,0,10,555,637,196,1
8944476051,2026-08-14,90423751,Bignum,GamerLegion,Offlane,Shadow Demon,3,1,10,268,388,29,1
8944476051,2026-08-14,191362875,Speeed,GamerLegion,Carry,Mirana,4,3,9,316,397,46,1
8944476051,2026-08-14,160119017,Fayde,GamerLegion,Offlane,Enigma,6,0,7,532,529,168,1
8944476051,2026-08-14,898754153,Ame,Xtreme Gaming,Carry,Lifestealer,1,1,2,412,436,160,0
8944476051,2026-08-14,173978074,NothingToSay,Xtreme Gaming,Mid,Puck,2,4,1,378,403,127,0
8944476051,2026-08-14,129958758,Xxs,Xtreme Gaming,Offlane,Largo,1,4,5,360,314,113,0
8944476051,2026-08-14,101695162,fy,Xtreme Gaming,Offlane,Dark Willow,1,5,5,212,212,26,0
8944476051,2026-08-14,94296097,xNova,Xtreme Gaming,Carry,Ringmaster,1,4,3,171,162,18,0
8943200897,2026-08-13,898754153,Ame,Xtreme Gaming,Carry,Phantom Lancer,4,3,7,759,817,720,0
8943200897,2026-08-13,173978074,NothingToSay,Xtreme Gaming,Mid,Ember Spirit,12,2,8,577,848,385,0
8943200897,2026-08-13,129958758,Xxs,Xtreme Gaming,Offlane,Dawnbreaker,7,5,9,610,909,515,0
8943200897,2026-08-13,101695162,fy,Xtreme Gaming,Offlane,Dark Willow,1,9,11,247,363,52,0
8943200897,2026-08-13,94296097,xNova,Xtreme Gaming,Carry,Winter Wyvern,2,6,8,286,357,78,0
8943200897,2026-08-13,847565596,rue,Team Spirit,Carry,Clockwerk,3,12,14,307,518,19,1
8943200897,2026-08-13,321580662,Yatoro,Team Spirit,Carry,Drow Ranger,7,1,13,850,982,675,1
8943200897,2026-08-13,106305042,Larl,Team Spirit,Mid,Io,4,4,13,604,937,427,1
8943200897,2026-08-13,218231587,not_me,Team Spirit,Offlane,Rubick,6,7,10,393,494,105,1
8943200897,2026-08-13,302214028,Collapse,Team Spirit,Offlane,Underlord,5,3,14,706,1145,493,1
8943143428,2026-08-13,847565596,rue,Team Spirit,Carry,Undying,6,9,29,377,575,65,1
8943143428,2026-08-13,321580662,Yatoro,Team Spirit,Carry,Drow Ranger,6,4,16,843,1073,706,1
8943143428,2026-08-13,106305042,Larl,Team Spirit,Mid,Storm Spirit,22,1,17,705,1082,460,1
8943143428,2026-08-13,218231587,not_me,Team Spirit,Offlane,Dark Willow,9,7,27,386,638,68,1
8943143428,2026-08-13,302214028,Collapse,Team Spirit,Offlane,Night Stalker,5,5,28,521,894,321,1
8943143428,2026-08-13,898754153,Ame,Xtreme Gaming,Carry,Spectre,7,9,11,619,814,464,0
8943143428,2026-08-13,173978074,NothingToSay,Xtreme Gaming,Mid,Tinker,7,7,11,653,870,523,0
8943143428,2026-08-13,129958758,Xxs,Xtreme Gaming,Offlane,Dark Seer,7,8,13,543,520,394,0
8943143428,2026-08-13,101695162,fy,Xtreme Gaming,Offlane,Spirit Breaker,1,12,19,302,550,83,0
8943143428,2026-08-13,94296097,xNova,Xtreme Gaming,Carry,Winter Wyvern,3,12,9,287,499,50,0
8896486914,2026-07-14,16497807,tOfu,Team Liquid,Carry,Mirana,6,2,21,414,494,129,1
8896486914,2026-07-14,97590558,Ace ♠,Team Liquid,Offlane,Timbersaw,11,1,10,787,1019,494,1
8896486914,2026-07-14,201358612,Nisha,Team Liquid,Mid,Ember Spirit,5,1,19,539,761,286,1
8896486914,2026-07-14,77490514,Boxi,Team Liquid,Mid,Earth Spirit,5,1,16,365,556,37,1
8896486914,2026-07-14,152962063,m1CKe,Team Liquid,Carry,Tiny,6,3,14,652,834,414,1
8896486914,2026-07-14,898754153,Ame,Xtreme Gaming,Carry,Drow Ranger,2,6,2,555,512,423,0
8896486914,2026-07-14,173978074,NothingToSay,Xtreme Gaming,Mid,Earthshaker,3,3,3,537,663,365,0
8896486914,2026-07-14,129958758,Xxs,Xtreme Gaming,Offlane,Centaur Warrunner,0,5,2,406,470,330,0
8896486914,2026-07-14,101695162,fy,Xtreme Gaming,Offlane,Hoodwink,1,10,4,274,265,72,0
8896486914,2026-07-14,94296097,xNova,Xtreme Gaming,Carry,Largo,1,9,4,248,211,27,0
8896267691,2026-07-14,16497807,tOfu,Team Liquid,Carry,Mirana,4,7,23,573,795,733,1
8896267691,2026-07-14,97590558,Ace ♠,Team Liquid,Offlane,Dark Seer,4,9,26,653,762,901,1
8896267691,2026-07-14,201358612,Nisha,Team Liquid,Mid,Necrophos,10,3,18,848,1111,1344,1
8896267691,2026-07-14,77490514,Boxi,Team Liquid,Offlane,Clockwerk,2,11,25,355,561,103,1
8896267691,2026-07-14,152962063,m1CKe,Team Liquid,Carry,Alchemist,13,7,15,900,985,947,1
8896267691,2026-07-14,898754153,Ame,Xtreme Gaming,Carry,Clinkz,14,5,13,833,1030,1054,0
8896267691,2026-07-14,173978074,NothingToSay,Xtreme Gaming,Mid,Sand King,10,4,19,628,759,755,0
8896267691,2026-07-14,129958758,Xxs,Xtreme Gaming,Offlane,Centaur Warrunner,2,5,24,630,775,877,0
8896267691,2026-07-14,101695162,fy,Xtreme Gaming,Offlane,Dark Willow,7,10,21,397,661,263,0
8896267691,2026-07-14,94296097,xNova,Xtreme Gaming,Carry,Ringmaster,4,9,23,328,537,95,0
8896140998,2026-07-14,898754153,Ame,Xtreme Gaming,Carry,Clinkz,20,8,10,790,942,652,1
8896140998,2026-07-14,173978074,NothingToSay,Xtreme Gaming,Mid,Earthshaker,13,4,26,668,868,578,1
8896140998,2026-07-14,129958758,Xxs,Xtreme Gaming,Offlane,Dark Seer,6,4,35,619,931,559,1
8896140998,2026-07-14,101695162,fy,Xtreme Gaming,Offlane,Hoodwink,8,8,32,420,737,148,1
8896140998,2026-07-14,94296097,xNova,Xtreme Gaming,Carry,Winter Wyvern,2,7,26,333,610,72,1
8896140998,2026-07-14,16497807,tOfu,Team Liquid,Carry,Witch Doctor,2,14,20,326,512,55,0
8896140998,2026-07-14,97590558,Ace ♠,Team Liquid,Offlane,Centaur Warrunner,3,7,22,646,946,714,0
8896140998,2026-07-14,201358612,Nisha,Team Liquid,Mid,Ember Spirit,12,9,11,643,946,619,0
8896140998,2026-07-14,77490514,Boxi,Team Liquid,Mid,Clockwerk,3,15,14,310,516,56,0
8896140998,2026-07-14,152962063,m1CKe,Team Liquid,Carry,Shadow Fiend,11,4,12,915,1115,1098,0
8891240327,2026-07-11,10366616,Sneyking,Team Falcons,Carry,Undying,4,8,26,369,568,42,1
8891240327,2026-07-11,100058342,skiter,Team Falcons,Carry,Windranger,7,3,12,687,754,408,1
8891240327,2026-07-11,898455820,Malr1ne,Team Falcons,Mid,Ember Spirit,15,1,15,688,977,342,1
8891240327,2026-07-11,183719386,AMMAR_THE_F,Team Falcons,Offlane,Doom,10,5,16,719,912,350,1
8891240327,2026-07-11,25907144,Cr1t-,Team Falcons,Offlane,Clockwerk,2,4,24,462,571,138,1
8891240327,2026-07-11,898754153,Ame,Xtreme Gaming,Carry,Terrorblade,4,7,5,712,617,508,0
8891240327,2026-07-11,173978074,NothingToSay,Xtreme Gaming,Mid,Snapfire,6,6,5,484,584,319,0
8891240327,2026-07-11,129958758,Xxs,Xtreme Gaming,Offlane,Axe,10,6,5,523,589,327,0
8891240327,2026-07-11,101695162,fy,Xtreme Gaming,Offlane,Rubick,0,10,14,312,339,85,0
8891240327,2026-07-11,94296097,xNova,Xtreme Gaming,Carry,Bane,0,9,10,248,258,41,0
8891145641,2026-07-11,898754153,Ame,Xtreme Gaming,Carry,Luna,4,6,8,832,847,932,0
8891145641,2026-07-11,173978074,NothingToSay,Xtreme Gaming,Mid,Snapfire,5,3,9,529,667,488,0
8891145641,2026-07-11,129958758,Xxs,Xtreme Gaming,Offlane,Centaur Warrunner,2,5,8,422,538,382,0
8891145641,2026-07-11,101695162,fy,Xtreme Gaming,Offlane,Hoodwink,3,9,10,283,413,97,0
8891145641,2026-07-11,94296097,xNova,Xtreme Gaming,Carry,Phoenix,1,11,11,296,378,155,0
8891145641,2026-07-11,10366616,Sneyking,Team Falcons,Carry,Ringmaster,2,6,19,355,681,106,1
8891145641,2026-07-11,100058342,skiter,Team Falcons,Carry,Windranger,9,1,13,719,930,632,1
8891145641,2026-07-11,898455820,Malr1ne,Team Falcons,Mid,Ember Spirit,8,3,17,681,916,562,1
8891145641,2026-07-11,183719386,AMMAR_THE_F,Team Falcons,Offlane,Necrophos,13,3,12,834,1102,813,1
8891145641,2026-07-11,25907144,Cr1t-,Team Falcons,Offlane,Clockwerk,2,3,26,355,568,60,1
8889524021,2026-07-10,898754153,Ame,Xtreme Gaming,Carry,Terrorblade,2,3,0,543,495,209,0
8889524021,2026-07-10,173978074,NothingToSay,Xtreme Gaming,Mid,Puck,0,7,1,343,414,121,0
8889524021,2026-07-10,129958758,Xxs,Xtreme Gaming,Offlane,Centaur Warrunner,0,4,0,408,444,166,0
8889524021,2026-07-10,101695162,fy,Xtreme Gaming,Offlane,Rubick,0,7,2,190,209,21,0
8889524021,2026-07-10,94296097,xNova,Xtreme Gaming,Carry,Lich,0,5,2,148,193,13,0
8889524021,2026-07-10,172099728,Kiritych~,BoomBoys,Carry,Bloodseeker,8,0,8,652,698,209,1
8889524021,2026-07-10,480412663,gpk~,BoomBoys,Mid,Earth Spirit,6,1,10,496,554,125,1
8889524021,2026-07-10,317880638,Save-,BoomBoys,Mid,Mirana,4,0,17,314,451,32,1
8889524021,2026-07-10,165564598,MieRo,BoomBoys,Offlane,Night Stalker,5,1,11,542,655,143,1
8889524021,2026-07-10,196878136,Kataomi`,BoomBoys,Carry,Bane,1,0,17,231,360,16,1
8889468264,2026-07-10,172099728,Kiritych~,BoomBoys,Carry,Phantom Lancer,6,1,7,843,951,512,1
8889468264,2026-07-10,480412663,gpk~,BoomBoys,Mid,Ember Spirit,9,3,7,676,765,332,1
8889468264,2026-07-10,165564598,MieRo,BoomBoys,Offlane,Largo,1,1,8,568,604,310,1
8889468264,2026-07-10,317880638,Save-,BoomBoys,Offlane,Ringmaster,1,2,14,326,476,46,1
8889468264,2026-07-10,196878136,Kataomi`,BoomBoys,Carry,Winter Wyvern,1,2,9,326,440,50,1
8889468264,2026-07-10,898754153,Ame,Xtreme Gaming,Carry,Terrorblade,0,2,1,838,681,626,0
8889468264,2026-07-10,173978074,NothingToSay,Xtreme Gaming,Mid,Storm Spirit,4,3,4,613,728,415,0
8889468264,2026-07-10,129958758,Xxs,Xtreme Gaming,Offlane,Doom,3,4,3,605,789,399,0
8889468264,2026-07-10,101695162,fy,Xtreme Gaming,Offlane,Mirana,2,5,5,385,429,136,0
8889468264,2026-07-10,94296097,xNova,Xtreme Gaming,Mid,Bane,0,4,4,246,362,32,0
8888056358,2026-07-09,898754153,Ame,Xtreme Gaming,Carry,Morphling,6,3,5,618,712,414,0
8888056358,2026-07-09,173978074,NothingToSay,Xtreme Gaming,Mid,Puck,7,4,12,602,882,379,0
8888056358,2026-07-09,129958758,Xxs,Xtreme Gaming,Offlane,Snapfire,3,3,7,534,662,334,0
8888056358,2026-07-09,101695162,fy,Xtreme Gaming,Offlane,Clockwerk,1,10,14,283,430,33,0
8888056358,2026-07-09,94296097,xNova,Xtreme Gaming,Carry,Mirana,4,6,15,345,418,68,0
8888056358,2026-07-09,96183976,naive-,_PowerRangers,Carry,Terrorblade,11,2,4,845,781,512,1
8888056358,2026-07-09,294135421,Nicky`Cool,_PowerRangers,Mid,Keeper of the Light,5,3,13,659,772,380,1
8888056358,2026-07-09,363739653,alberkaaa,_PowerRangers,Offlane,Batrider,3,3,15,607,752,318,1
8888056358,2026-07-09,185059559,Till The End,_PowerRangers,Carry,Disruptor,4,7,17,353,514,30,1
8888056358,2026-07-09,295697470,Immersion,_PowerRangers,Offlane,Earth Spirit,2,6,20,371,455,72,1
8887986392,2026-07-09,96183976,naive-,_PowerRangers,Carry,Lifestealer,7,2,4,635,855,458,0
8887986392,2026-07-09,294135421,Nicky`Cool,_PowerRangers,Mid,Puck,4,5,11,572,831,416,0
8887986392,2026-07-09,185059559,Till The End,_PowerRangers,Carry,Disruptor,1,10,12,297,370,58,0
8887986392,2026-07-09,363739653,alberkaaa,_PowerRangers,Offlane,Beastmaster,6,4,12,615,813,422,0
8887986392,2026-07-09,295697470,Immersion,_PowerRangers,Offlane,Windranger,4,7,14,306,385,94,0
8887986392,2026-07-09,898754153,Ame,Xtreme Gaming,Carry,Shadow Fiend,10,3,8,835,926,523,1
8887986392,2026-07-09,173978074,NothingToSay,Xtreme Gaming,Mid,Sand King,10,4,10,689,942,416,1
8887986392,2026-07-09,129958758,Xxs,Xtreme Gaming,Offlane,Centaur Warrunner,4,2,17,628,898,395,1
8887986392,2026-07-09,101695162,fy,Xtreme Gaming,Offlane,Hoodwink,3,6,13,408,556,117,1
8887986392,2026-07-09,94296097,xNova,Xtreme Gaming,Carry,Lich,0,7,17,380,569,67,1
8886641793,2026-07-08,206642367,Ghost,GamerLegion,Carry,Necrophos,15,6,12,872,1212,893,0
8886641793,2026-07-08,154974246,RCY,GamerLegion,Mid,Kunkka,7,9,18,773,927,763,0
8886641793,2026-07-08,90423751,Bignum,GamerLegion,Offlane,Dark Willow,7,8,18,330,686,55,0
8886641793,2026-07-08,191362875,Speeed,GamerLegion,Carry,Winter Wyvern,1,7,20,384,591,103,0
8886641793,2026-07-08,160119017,Fayde,GamerLegion,Offlane,Underlord,6,5,22,650,971,648,0
8886641793,2026-07-08,898754153,Ame,Xtreme Gaming,Carry,Lone Druid,4,4,13,791,563,894,1
8886641793,2026-07-08,173978074,NothingToSay,Xtreme Gaming,Mid,Nature's Prophet,17,8,12,842,1055,771,1
8886641793,2026-07-08,129958758,Xxs,Xtreme Gaming,Offlane,Snapfire,9,5,17,685,1002,655,1
8886641793,2026-07-08,101695162,fy,Xtreme Gaming,Offlane,Rubick,1,11,19,371,589,195,1
8886641793,2026-07-08,94296097,xNova,Xtreme Gaming,Carry,Lich,4,9,24,428,748,103,1
8886572854,2026-07-08,206642367,Ghost,GamerLegion,Carry,Shadow Fiend,2,6,4,590,685,464,0
8886572854,2026-07-08,90423751,Bignum,GamerLegion,Offlane,Dark Willow,5,9,5,310,420,26,0
8886572854,2026-07-08,154974246,RCY,GamerLegion,Mid,Largo,7,2,8,597,647,357,0
8886572854,2026-07-08,191362875,Speeed,GamerLegion,Carry,Winter Wyvern,3,5,10,246,351,43,0
8886572854,2026-07-08,160119017,Fayde,GamerLegion,Offlane,Enigma,0,8,9,495,417,313,0
8886572854,2026-07-08,898754153,Ame,Xtreme Gaming,Carry,Lone Druid,6,1,9,907,765,694,1
8886572854,2026-07-08,173978074,NothingToSay,Xtreme Gaming,Mid,Lina,11,3,11,786,1130,527,1
8886572854,2026-07-08,129958758,Xxs,Xtreme Gaming,Offlane,Dark Seer,7,4,16,669,899,455,1
8886572854,2026-07-08,101695162,fy,Xtreme Gaming,Offlane,Spirit Breaker,1,7,25,413,676,105,1
8886572854,2026-07-08,94296097,xNova,Xtreme Gaming,Carry,Lich,5,3,10,401,599,76,1
8885275216,2026-07-07,898754153,Ame,Xtreme Gaming,Carry,Tiny,9,6,10,793,1091,704,1
8885275216,2026-07-07,173978074,NothingToSay,Xtreme Gaming,Mid,Ember Spirit,15,2,24,743,1130,568,1
8885275216,2026-07-07,129958758,Xxs,Xtreme Gaming,Offlane,Snapfire,10,3,15,722,1013,593,1
8885275216,2026-07-07,94296097,xNova,Xtreme Gaming,Carry,Bane,2,9,27,353,531,47,1
8885275216,2026-07-07,101695162,fy,Xtreme Gaming,Offlane,Rubick,5,5,26,394,715,122,1
8885275216,2026-07-07,879017980,"Darklord,,`",Rune Eaters,Carry,Windranger,7,7,8,638,765,588,0
8885275216,2026-07-07,1202267677,aik,Rune Eaters,Carry,Clockwerk,5,11,11,313,483,30,0
8885275216,2026-07-07,230487729,Ekki,Rune Eaters,Offlane,Mirana,4,10,13,376,528,182,0
8885275216,2026-07-07,115651292,Copy,Rune Eaters,Mid,Beastmaster,3,6,16,630,779,620,0
8885275216,2026-07-07,203351055,Malik,Rune Eaters,Offlane,Undying,6,8,12,606,911,513,0
8885195986,2026-07-07,879017980,"Darklord,,`",Rune Eaters,Carry,Tiny,9,4,9,737,1109,524,1
8885195986,2026-07-07,1202267677,aik,Rune Eaters,Carry,Ringmaster,4,5,24,419,735,92,1
8885195986,2026-07-07,230487729,Ekki,Rune Eaters,Offlane,Nature's Prophet,5,9,23,622,786,365,1
8885195986,2026-07-07,115651292,Copy,Rune Eaters,Mid,Ember Spirit,13,3,17,654,1006,411,1
8885195986,2026-07-07,203351055,Malik,Rune Eaters,Offlane,Doom,10,2,21,704,1009,322,1
8885195986,2026-07-07,94296097,xNova,Xtreme Gaming,Carry,Bane,1,11,14,264,388,27,0
8885195986,2026-07-07,173978074,NothingToSay,Xtreme Gaming,Mid,Monkey King,10,9,6,527,660,385,0
8885195986,2026-07-07,129958758,Xxs,Xtreme Gaming,Offlane,Dawnbreaker,6,5,5,578,796,499,0
8885195986,2026-07-07,101695162,fy,Xtreme Gaming,Offlane,Hoodwink,5,11,14,362,473,132,0
8885195986,2026-07-07,898754153,Ame,Xtreme Gaming,Carry,Windranger,1,6,10,575,715,484,0
8830175194,2026-05-29,898754153,Ame,Xtreme Gaming,Carry,Tiny,3,6,8,631,787,531,0
8830175194,2026-05-29,173978074,NothingToSay,Xtreme Gaming,Mid,Storm Spirit,5,6,8,483,728,337,0
8830175194,2026-05-29,129958758,Xxs,Xtreme Gaming,Offlane,Dawnbreaker,4,5,7,507,717,381,0
8830175194,2026-05-29,101695162,fy,Xtreme Gaming,Offlane,Keeper of the Light,0,10,12,322,360,139,0
8830175194,2026-05-29,94296097,xNova,Xtreme Gaming,Carry,Phoenix,2,10,10,282,319,88,0
8830175194,2026-05-29,124801257,Nightfall,Aurora Gaming,Carry,Nature's Prophet,8,1,24,982,1131,750,1
8830175194,2026-05-29,301750126,Mikoto,Aurora Gaming,Mid,Ember Spirit,9,1,19,628,886,366,1
8830175194,2026-05-29,126842529,Ws`,Aurora Gaming,Offlane,Axe,12,3,20,594,776,270,1
8830175194,2026-05-29,256156323,Mira,Aurora Gaming,Carry,Clockwerk,2,7,21,304,415,26,1
8830175194,2026-05-29,320219866,kaori,Aurora Gaming,Offlane,Hoodwink,6,3,23,377,586,84,1
8829947467,2026-05-29,177203952,Yuma,LGD Gaming,Carry,Tiny,7,1,15,687,936,400,1
8829947467,2026-05-29,1026694469,TaiLung,LGD Gaming,Mid,Huskar,4,2,9,698,863,436,1
8829947467,2026-05-29,292921272,Wisper,LGD Gaming,Offlane,Timbersaw,8,0,7,875,1176,538,1
8829947467,2026-05-29,105045291,Thiolicor,LGD Gaming,Mid,Techies,7,5,17,432,543,84,1
8829947467,2026-05-29,81306398,KingJungles,LGD Gaming,Carry,Bane,2,7,11,323,382,34,1
8829947467,2026-05-29,898754153,Ame,Xtreme Gaming,Carry,Lone Druid,4,2,4,681,586,543,0
8829947467,2026-05-29,173978074,NothingToSay,Xtreme Gaming,Mid,Sniper,4,6,8,526,523,360,0
8829947467,2026-05-29,129958758,Xxs,Xtreme Gaming,Offlane,Axe,5,6,3,443,554,288,0
8829947467,2026-05-29,101695162,fy,Xtreme Gaming,Offlane,Hoodwink,0,5,9,269,376,58,0
8829947467,2026-05-29,94296097,xNova,Xtreme Gaming,Carry,Lich,0,9,7,250,279,45,0
8829158433,2026-05-28,392565237,JACKBOYS,GLYPH,Carry,Terrorblade,3,5,3,782,598,760,0
8829158433,2026-05-28,202217968,Emo,GLYPH,Mid,Puck,4,6,8,584,700,497,0
8829158433,2026-05-28,147767183,zeal,GLYPH,Offlane,Largo,5,6,5,465,491,287,0
8829158433,2026-05-28,152859296,Jhocam,GLYPH,Offlane,Lion,2,11,10,263,315,25,0
8829158433,2026-05-28,343084576,NARMAN,GLYPH,Carry,Winter Wyvern,5,7,12,315,363,49,0
8829158433,2026-05-28,898754153,Ame,Xtreme Gaming,Carry,Muerta,8,2,7,872,904,689,1
8829158433,2026-05-28,173978074,NothingToSay,Xtreme Gaming,Mid,Pangolier,10,0,17,662,928,446,1
8829158433,2026-05-28,129958758,Xxs,Xtreme Gaming,Offlane,Doom,11,3,9,695,908,415,1
8829158433,2026-05-28,101695162,fy,Xtreme Gaming,Offlane,Rubick,3,7,17,405,588,107,1
8829158433,2026-05-28,94296097,xNova,Xtreme Gaming,Carry,Lich,2,7,14,322,542,37,1
8828810013,2026-05-28,898754153,Ame,Xtreme Gaming,Carry,Kez,16,1,10,824,1098,547,1
8828810013,2026-05-28,173978074,NothingToSay,Xtreme Gaming,Mid,Monkey King,8,4,15,590,908,338,1
8828810013,2026-05-28,129958758,Xxs,Xtreme Gaming,Offlane,Beastmaster,10,4,14,764,883,552,1
8828810013,2026-05-28,101695162,fy,Xtreme Gaming,Offlane,Techies,1,8,22,358,574,88,1
8828810013,2026-05-28,94296097,xNova,Xtreme Gaming,Carry,Lich,2,5,25,379,616,44,1
8828810013,2026-05-28,321580662,Yatoro,Team Spirit,Carry,Tiny,13,5,4,662,821,532,0
8828810013,2026-05-28,847565596,rue,Team Spirit,Carry,Grimstroke,1,9,15,323,455,88,0
8828810013,2026-05-28,218231587,not_me,Team Spirit,Offlane,Rubick,3,10,13,392,456,162,0
8828810013,2026-05-28,106305042,Larl,Team Spirit,Mid,Pangolier,3,5,11,577,762,449,0
8828810013,2026-05-28,302214028,Collapse,Team Spirit,Offlane,Slardar,1,8,12,462,643,331,0
8828679235,2026-05-28,172099728,Kiritych~,BoomBoys,Carry,Kez,4,0,14,642,729,253,1
8828679235,2026-05-28,480412663,gpk~,BoomBoys,Mid,Puck,12,2,13,575,703,182,1
8828679235,2026-05-28,165564598,MieRo,BoomBoys,Offlane,Slardar,8,1,11,522,633,165,1
8828679235,2026-05-28,317880638,Save-,BoomBoys,Offlane,Rubick,4,2,17,327,470,39,1
8828679235,2026-05-28,196878136,Kataomi`,BoomBoys,Carry,Winter Wyvern,1,1,10,255,424,24,1
8828679235,2026-05-28,898754153,Ame,Xtreme Gaming,Carry,Alchemist,2,3,1,723,682,303,0
8828679235,2026-05-28,173978074,NothingToSay,Xtreme Gaming,Mid,Void Spirit,1,8,3,367,405,152,0
8828679235,2026-05-28,129958758,Xxs,Xtreme Gaming,Offlane,Timbersaw,2,4,2,522,576,250,0
8828679235,2026-05-28,101695162,fy,Xtreme Gaming,Offlane,Lion,0,6,4,200,245,26,0
8828679235,2026-05-28,94296097,xNova,Xtreme Gaming,Carry,Bane,1,8,3,206,212,21,0
8827888041,2026-05-27,898754153,Ame,Xtreme Gaming,Carry,Nature's Prophet,6,3,3,721,792,440,0
8827888041,2026-05-27,173978074,NothingToSay,Xtreme Gaming,Mid,Storm Spirit,3,2,5,523,655,278,0
8827888041,2026-05-27,129958758,Xxs,Xtreme Gaming,Offlane,Tidehunter,1,6,4,454,589,248,0
8827888041,2026-05-27,101695162,fy,Xtreme Gaming,Offlane,Rubick,0,10,7,239,279,41,0
8827888041,2026-05-27,94296097,xNova,Xtreme Gaming,Carry,Bane,1,7,9,234,263,13,0
8827888041,2026-05-27,86698277,33,Iron Wing,Offlane,Beastmaster,6,1,4,721,873,381,1
8827888041,2026-05-27,346412363,Ari,Iron Wing,Offlane,Keeper of the Light,0,2,14,317,518,78,1
8827888041,2026-05-27,136829091,Whitemon,Iron Wing,Mid,Lich,2,3,19,346,484,43,1
8827888041,2026-05-27,93618577,bzm,Iron Wing,Mid,Ember Spirit,14,2,8,628,751,251,1
8827888041,2026-05-27,331855530,Pure,Iron Wing,Carry,Doom,6,4,8,661,701,260,1
8827492535,2026-05-27,898754153,Ame,Xtreme Gaming,Carry,Kez,4,4,9,687,769,588,0
8827492535,2026-05-27,173978074,NothingToSay,Xtreme Gaming,Mid,Tinker,4,5,5,637,900,544,0
8827492535,2026-05-27,129958758,Xxs,Xtreme Gaming,Offlane,Magnus,7,2,8,440,591,336,0
8827492535,2026-05-27,101695162,fy,Xtreme Gaming,Offlane,Lion,1,12,15,277,377,35,0
8827492535,2026-05-27,94296097,xNova,Xtreme Gaming,Carry,Phoenix,3,7,10,334,416,106,0
8827492535,2026-05-27,171262902,医者watson`,Team Yandex,Carry,Windranger,9,1,12,804,1028,586,1
8827492535,2026-05-27,312436974,CHIRA_JUNIOR,Team Yandex,Mid,Invoker,9,3,4,748,782,528,1
8827492535,2026-05-27,56351509,DM,Team Yandex,Offlane,Slardar,2,2,15,542,838,355,1
8827492535,2026-05-27,93817671,Maladych,Team Yandex,Carry,Lich,4,9,15,381,567,80,1
8827492535,2026-05-27,103735745,Saksa,Team Yandex,Offlane,Hoodwink,6,4,13,414,603,170,1
8827282767,2026-05-27,898754153,Ame,Xtreme Gaming,Carry,Kez,2,5,5,536,696,384,0
8827282767,2026-05-27,173978074,NothingToSay,Xtreme Gaming,Mid,Sand King,8,3,5,646,788,416,0
8827282767,2026-05-27,129958758,Xxs,Xtreme Gaming,Offlane,Night Stalker,6,2,7,478,654,327,0
8827282767,2026-05-27,101695162,fy,Xtreme Gaming,Offlane,Hoodwink,1,5,11,292,416,64,0
8827282767,2026-05-27,94296097,xNova,Xtreme Gaming,Carry,Clockwerk,0,9,5,236,321,49,0
8827282767,2026-05-27,10366616,Sneyking,Team Falcons,Carry,Enchantress,2,5,12,391,486,147,1
8827282767,2026-05-27,100058342,skiter,Team Falcons,Carry,Alchemist,7,1,6,1023,994,560,1
8827282767,2026-05-27,898455820,Malr1ne,Team Falcons,Mid,Primal Beast,5,2,10,560,793,306,1
8827282767,2026-05-27,183719386,AMMAR_THE_F,Team Falcons,Offlane,Pangolier,7,1,10,750,1093,504,1
8827282767,2026-05-27,25907144,Cr1t-,Team Falcons,Offlane,Lion,3,8,7,316,406,35,1
8826437838,2026-05-26,898754153,Ame,Xtreme Gaming,Carry,Tiny,10,2,9,788,1079,523,1
8826437838,2026-05-26,173978074,NothingToSay,Xtreme Gaming,Mid,Snapfire,15,3,19,718,1055,388,1
8826437838,2026-05-26,129958758,Xxs,Xtreme Gaming,Offlane,Beastmaster,6,5,13,734,1023,520,1
8826437838,2026-05-26,101695162,fy,Xtreme Gaming,Offlane,Keeper of the Light,1,4,24,445,630,153,1
8826437838,2026-05-26,94296097,xNova,Xtreme Gaming,Carry,Bane,5,5,20,362,597,20,1
8826437838,2026-05-26,431770905,TORONTOTOKYO,OG,Offlane,Dawnbreaker,4,11,5,472,657,350,0
8826437838,2026-05-26,100594231,skem,OG,Carry,Enchantress,1,8,10,300,438,81,0
8826437838,2026-05-26,324277900,Yopaj-,OG,Mid,Pangolier,7,5,8,550,695,360,0
8826437838,2026-05-26,155494381,TIMS,OG,Offlane,Hoodwink,1,8,15,280,412,51,0
8826437838,2026-05-26,355168766,Natsumi,OG,Carry,Luna,6,5,7,757,847,609,0
8826258112,2026-05-26,1044002267,Satanic,PVISION,Carry,Juggernaut,3,1,5,823,869,459,1
8826258112,2026-05-26,195108598,Noticed,PVISION,Offlane,Slardar,10,1,11,590,688,242,1
8826258112,2026-05-26,106573901,No[o]ne-,PVISION,Mid,Viper,7,3,5,610,616,243,1
8826258112,2026-05-26,164199202,9Class,PVISION,Offlane,Io,6,2,13,468,525,154,1
8826258112,2026-05-26,73401082,Dukalis,PVISION,Carry,Treant Protector,0,4,11,287,341,21,1
8826258112,2026-05-26,898754153,Ame,Xtreme Gaming,Carry,Muerta,2,8,6,466,482,248,0
8826258112,2026-05-26,173978074,NothingToSay,Xtreme Gaming,Mid,Snapfire,4,6,6,429,529,189,0
8826258112,2026-05-26,129958758,Xxs,Xtreme Gaming,Offlane,Mars,2,1,7,476,555,228,0
8826258112,2026-05-26,101695162,fy,Xtreme Gaming,Offlane,Keeper of the Light,1,4,6,267,402,58,0
8826258112,2026-05-26,94296097,xNova,Xtreme Gaming,Carry,Elder Titan,1,7,8,233,312,17,0
8826052816,2026-05-26,898754153,Ame,Xtreme Gaming,Carry,Faceless Void,5,6,5,503,683,342,0
8826052816,2026-05-26,173978074,NothingToSay,Xtreme Gaming,Mid,Snapfire,8,8,8,474,537,331,0
8826052816,2026-05-26,129958758,Xxs,Xtreme Gaming,Offlane,Underlord,2,8,11,454,545,310,0
8826052816,2026-05-26,101695162,fy,Xtreme Gaming,Offlane,Lion,2,10,13,285,398,32,0
8826052816,2026-05-26,94296097,xNova,Xtreme Gaming,Mid,Enchantress,3,6,8,314,477,139,0
8826052816,2026-05-26,16497807,tOfu,Team Liquid,Carry,Witch Doctor,4,8,21,364,383,39,1
8826052816,2026-05-26,97590558,Ace ♠,Team Liquid,Offlane,Night Stalker,12,6,12,621,972,323,1
8826052816,2026-05-26,201358612,Nisha,Team Liquid,Mid,Storm Spirit,7,3,22,636,944,399,1
8826052816,2026-05-26,77490514,Boxi,Team Liquid,Offlane,Keeper of the Light,3,2,16,442,512,138,1
8826052816,2026-05-26,152962063,m1CKe,Team Liquid,Carry,Tiny,11,1,12,747,1010,468,1
8820791846,2026-05-22,898754153,Ame,Xtreme Gaming,Carry,Terrorblade,6,6,11,962,658,1185,0
8820791846,2026-05-22,173978074,NothingToSay,Xtreme Gaming,Mid,Pangolier,7,10,10,524,750,506,0
8820791846,2026-05-22,129958758,Xxs,Xtreme Gaming,Offlane,Axe,10,10,14,470,687,400,0
8820791846,2026-05-22,101695162,fy,Xtreme Gaming,Offlane,Lion,2,13,18,261,453,43,0
8820791846,2026-05-22,94296097,xNova,Xtreme Gaming,Carry,Phoenix,2,8,17,384,533,183,0
8820791846,2026-05-22,86698277,33,Iron Wing,Carry,Necrophos,8,4,21,796,992,923,1
8820791846,2026-05-22,346412363,Ari,Iron Wing,Offlane,Hoodwink,6,4,28,578,921,460,1
8820791846,2026-05-22,136829091,Whitemon,Iron Wing,Carry,Lich,8,8,28,424,808,78,1
8820791846,2026-05-22,93618577,bzm,Iron Wing,Mid,Puck,11,4,25,742,1009,745,1
8820791846,2026-05-22,331855530,Pure,Iron Wing,Offlane,Doom,13,7,29,783,930,639,1
8820696424,2026-05-22,86698277,33,Iron Wing,Offlane,Necrophos,3,4,9,714,881,727,0
8820696424,2026-05-22,346412363,Ari,Iron Wing,Offlane,Hoodwink,0,9,9,287,489,122,0
8820696424,2026-05-22,136829091,Whitemon,Iron Wing,Carry,Silencer,0,12,9,300,412,65,0
8820696424,2026-05-22,93618577,bzm,Iron Wing,Mid,Tiny,5,9,3,621,647,541,0
8820696424,2026-05-22,331855530,Pure,Iron Wing,Carry,Muerta,8,5,6,729,914,722,0
8820696424,2026-05-22,898754153,Ame,Xtreme Gaming,Carry,Nature's Prophet,12,3,19,1029,1280,1019,1
8820696424,2026-05-22,173978074,NothingToSay,Xtreme Gaming,Mid,Storm Spirit,8,3,19,639,909,538,1
8820696424,2026-05-22,129958758,Xxs,Xtreme Gaming,Offlane,Timbersaw,12,2,15,828,1115,672,1
8820696424,2026-05-22,101695162,fy,Xtreme Gaming,Offlane,Lion,1,5,22,300,579,23,1
8820696424,2026-05-22,94296097,xNova,Xtreme Gaming,Carry,Phoenix,5,3,20,427,583,144,1
8820614299,2026-05-22,898754153,Ame,Xtreme Gaming,Carry,Terrorblade,2,5,5,774,585,1022,0
8820614299,2026-05-22,173978074,NothingToSay,Xtreme Gaming,Mid,Ember Spirit,7,5,9,506,692,476,0
8820614299,2026-05-22,129958758,Xxs,Xtreme Gaming,Offlane,Beastmaster,9,5,6,630,655,688,0
8820614299,2026-05-22,101695162,fy,Xtreme Gaming,Offlane,Keeper of the Light,4,3,10,329,433,148,0
8820614299,2026-05-22,94296097,xNova,Xtreme Gaming,Carry,Lich,1,8,10,261,372,62,0
8820614299,2026-05-22,86698277,33,Iron Wing,Offlane,Timbersaw,7,1,14,919,1103,815,1
8820614299,2026-05-22,346412363,Ari,Iron Wing,Offlane,Hoodwink,4,5,14,398,715,183,1
8820614299,2026-05-22,136829091,Whitemon,Iron Wing,Carry,Phoenix,2,9,16,466,688,175,1
8820614299,2026-05-22,93618577,bzm,Iron Wing,Mid,Storm Spirit,4,4,19,582,939,439,1
8820614299,2026-05-22,331855530,Pure,Iron Wing,Carry,Kez,9,4,9,821,1026,792,1
8818947976,2026-05-20,898754153,Ame,Xtreme Gaming,Carry,Drow Ranger,19,10,20,878,982,976,1
8818947976,2026-05-20,173978074,NothingToSay,Xtreme Gaming,Mid,Leshrac,16,6,26,734,1042,741,1
8818947976,2026-05-20,129958758,Xxs,Xtreme Gaming,Offlane,Centaur Warrunner,9,4,33,590,865,544,1
8818947976,2026-05-20,101695162,fy,Xtreme Gaming,Offlane,Nyx Assassin,7,10,34,393,766,35,1
8818947976,2026-05-20,94296097,xNova,Xtreme Gaming,Carry,Lich,4,6,33,415,725,125,1
8818947976,2026-05-20,16497807,tOfu,Team Liquid,Carry,Elder Titan,6,12,24,357,590,94,0
8818947976,2026-05-20,97590558,Ace ♠,Team Liquid,Offlane,Doom,5,11,20,612,815,418,0
8818947976,2026-05-20,201358612,Nisha,Team Liquid,Mid,Puck,7,6,24,736,974,797,0
8818947976,2026-05-20,77490514,Boxi,Team Liquid,Offlane,Techies,6,16,15,456,639,269,0
8818947976,2026-05-20,152962063,m1CKe,Team Liquid,Carry,Windranger,11,10,16,723,875,836,0
8818882603,2026-05-20,898754153,Ame,Xtreme Gaming,Carry,Faceless Void,0,5,8,465,634,310,0
8818882603,2026-05-20,173978074,NothingToSay,Xtreme Gaming,Mid,Beastmaster,5,3,3,630,859,409,0
8818882603,2026-05-20,129958758,Xxs,Xtreme Gaming,Offlane,Dawnbreaker,4,7,5,533,578,312,0
8818882603,2026-05-20,101695162,fy,Xtreme Gaming,Offlane,Rubick,2,6,10,350,429,101,0
8818882603,2026-05-20,94296097,xNova,Xtreme Gaming,Carry,Enchantress,3,7,3,332,408,112,0
8818882603,2026-05-20,16497807,tOfu,Team Liquid,Carry,Phoenix,5,6,16,415,518,78,1
8818882603,2026-05-20,97590558,Ace ♠,Team Liquid,Offlane,Tidehunter,6,2,13,592,711,264,1
8818882603,2026-05-20,201358612,Nisha,Team Liquid,Mid,Pangolier,6,1,19,562,702,267,1
8818882603,2026-05-20,77490514,Boxi,Team Liquid,Offlane,Keeper of the Light,3,3,16,417,539,104,1
8818882603,2026-05-20,152962063,m1CKe,Team Liquid,Carry,Tiny,8,3,14,706,942,387,1
